top_wear,bottom_wear,shoes,color,label
Tank top,Jeans,Brogue,Pink,0
Hoodie,Capris,Loafers,Pink,0
Polo,Trousers,Moccasins,"Blue, Green, Black",1
Sweater,Trousers,Oxford,White,0
Tank top,Leggings,Sneakers,Yellow,1
Vest,Capris,Moccasins,"Orange, Blue",0
Blouse,Leggings,Derby,"Black, Purple, White",0
Tank top,Capris,Flats,"Orange, Purple, Pink",0
Polo,Culottes,Heels,Gray,0
Sweater,Jeans,Brogue,"Blue, Gray, Yellow",1
Hoodie,Culottes,Loafers,"Green, Yellow, Gray",1
Polo,Joggers,Brogue,Red,0
Polo,Sweatpants,Moccasins,"Green, Black, Orange",1
Blouse,Skirt,Heels,"Black, Red",0
Jacket,Capris,Derby,Pink,0
Sweater,Joggers,Sandals,Gray,0
T-shirt,Sweatpants,Sneakers,"Green, Gray",0
Polo,Chinos,Heels,"Red, Green",1
Jacket,Jeans,Flats,Blue,0
T-shirt,Leggings,Oxford,Gray,0
Sweater,Leggings,Derby,"Black, Green, Orange",1
Shirt,Culottes,Sneakers,"Pink, Orange, Black",0
Vest,Trousers,Loafers,"Pink, Yellow",1
Jacket,Sweatpants,Oxford,"Orange, Yellow",0
Cardigan,Chinos,Moccasins,"Yellow, Orange",0
Shirt,Joggers,Heels,Black,0
Vest,Jeans,Sneakers,"Pink, Green, Blue",0
Blouse,Sweatpants,Boots,Red,0
Tank top,Chinos,Sandals,Green,0
Hoodie,Skirt,Sandals,Pink,1
Cardigan,Capris,Derby,Yellow,0
Blouse,Leggings,Loafers,Red,1
Sweater,Joggers,Derby,Blue,1
Blouse,Leggings,Boots,Pink,0
Tank top,Joggers,Flats,White,1
Sweater,Culottes,Loafers,"Black, Orange, Blue",0
Cardigan,Trousers,Brogue,Black,1
Tank top,Joggers,Flats,"Red, Yellow",0
T-shirt,Leggings,Loafers,"Yellow, White",1
Hoodie,Culottes,Loafers,"Red, Gray, Black",1
Cardigan,Joggers,Boots,Blue,0
T-shirt,Skirt,Moccasins,"Green, Black, Red",1
Vest,Trousers,Boots,"Blue, Gray, Pink",0
Cardigan,Joggers,Loafers,Gray,0
Vest,Culottes,Sneakers,"Black, Yellow",0
Sweater,Sweatpants,Flats,"Yellow, Gray, Yellow",0
T-shirt,Shorts,Boots,Yellow,0
Hoodie,Chinos,Moccasins,"Black, Yellow",1
Tank top,Shorts,Heels,"Pink, Pink",1
Polo,Shorts,Derby,Pink,1
Blouse,Jeans,Loafers,"White, Yellow, Red",0
Shirt,Skirt,Brogue,Orange,1
Hoodie,Sweatpants,Heels,"Red, Black",1
T-shirt,Capris,Sandals,"Orange, Green, Pink",1
Polo,Joggers,Oxford,"White, Orange, Green",1
Hoodie,Chinos,Moccasins,"Red, Gray",1
T-shirt,Trousers,Brogue,"Purple, Black, Blue",0
Jacket,Sweatpants,Oxford,Black,0
Jacket,Leggings,Moccasins,Blue,1
Vest,Capris,Sneakers,"Green, White, Black",0
Hoodie,Jeans,Derby,"Purple, Gray, Green",0
Jacket,Jeans,Heels,Red,1
T-shirt,Sweatpants,Flats,Red,1
Vest,Culottes,Moccasins,Gray,0
T-shirt,Shorts,Flats,"Pink, Black, Yellow",1
Vest,Leggings,Derby,White,0
Hoodie,Jeans,Loafers,"Pink, Pink",0
Polo,Chinos,Sandals,"Black, Pink, Orange",1
Tank top,Jeans,Heels,"Yellow, Blue",0
Cardigan,Trousers,Derby,Gray,0
Polo,Joggers,Derby,"Gray, Purple, Black",0
Sweater,Jeans,Sneakers,"Blue, Gray, Orange",1
T-shirt,Trousers,Oxford,Gray,1
Sweater,Sweatpants,Sandals,"White, Black, Red",1
Polo,Sweatpants,Heels,Yellow,1
Vest,Capris,Loafers,Yellow,0
Cardigan,Jeans,Loafers,Gray,1
Cardigan,Chinos,Boots,Purple,1
Shirt,Jeans,Derby,"Red, Green, Black",1
Cardigan,Chinos,Moccasins,"Gray, White",1
Tank top,Skirt,Sneakers,Blue,0
Cardigan,Capris,Sandals,"Green, Pink",0
Polo,Skirt,Loafers,"Black, Gray, Black",0
Shirt,Jeans,Heels,"Blue, Black",1
Polo,Capris,Boots,"Pink, Blue, Gray",1
Polo,Skirt,Heels,White,0
Blouse,Shorts,Sneakers,"Orange, Pink",1
Shirt,Jeans,Moccasins,"Blue, Orange",1
Polo,Skirt,Boots,Gray,0
Blouse,Shorts,Boots,"Blue, White, Black",0
Blouse,Shorts,Oxford,"Gray, White, Pink",1
Shirt,Sweatpants,Sandals,White,1
Sweater,Jeans,Boots,White,1
Vest,Shorts,Oxford,Red,0
Tank top,Sweatpants,Oxford,Yellow,0
Vest,Skirt,Sneakers,Yellow,0
Cardigan,Trousers,Flats,"Yellow, Black, Purple",0
Tank top,Jeans,Heels,Pink,1
Cardigan,Capris,Moccasins,"Red, White, White",0
Polo,Chinos,Brogue,"Orange, Orange",0
T-shirt,Chinos,Heels,"Green, Green",1
Shirt,Skirt,Boots,"Blue, Green",1
Tank top,Culottes,Moccasins,Gray,1
Tank top,Culottes,Loafers,"Pink, Green, White",0
Polo,Skirt,Flats,"White, Blue",1
Sweater,Shorts,Loafers,"Gray, Blue",1
Blouse,Jeans,Loafers,"Purple, Red, Purple",0
Polo,Chinos,Sandals,"Red, Orange, Orange",0
Jacket,Chinos,Heels,"Pink, Pink",1
Blouse,Shorts,Brogue,White,0
Shirt,Chinos,Sneakers,"Gray, Purple",1
Blouse,Capris,Brogue,"Yellow, Purple",1
Sweater,Jeans,Loafers,Purple,0
Blouse,Joggers,Boots,Black,1
Shirt,Chinos,Flats,Blue,0
Sweater,Skirt,Derby,"Black, Black",0
Vest,Capris,Brogue,Pink,0
Tank top,Chinos,Loafers,"Yellow, Red, Orange",1
Tank top,Capris,Flats,"Orange, Red, Purple",0
Cardigan,Sweatpants,Moccasins,"Orange, White, Yellow",0
Vest,Joggers,Heels,Yellow,1
Vest,Leggings,Oxford,Gray,1
Blouse,Skirt,Sandals,"Red, Green, Purple",1
Tank top,Skirt,Flats,"Purple, Yellow",1
Shirt,Jeans,Boots,"Black, Yellow, Orange",0
Hoodie,Capris,Boots,Yellow,0
Hoodie,Shorts,Flats,"White, Purple",0
Sweater,Skirt,Boots,"Blue, Black, Purple",1
Tank top,Capris,Heels,"Purple, Blue, Yellow",1
Tank top,Capris,Boots,Green,0
Hoodie,Trousers,Brogue,"Blue, Purple, Purple",1
Tank top,Trousers,Oxford,"Pink, Gray",1
Blouse,Leggings,Boots,"Red, Green",0
Jacket,Sweatpants,Oxford,White,0
T-shirt,Leggings,Loafers,Blue,1
Vest,Chinos,Sneakers,Gray,1
Cardigan,Shorts,Heels,"Green, Blue, Black",1
Sweater,Chinos,Sneakers,"Yellow, Gray",0
Jacket,Culottes,Loafers,"Pink, Red",0
Hoodie,Chinos,Heels,Black,0
Vest,Jeans,Flats,Purple,0
Tank top,Chinos,Flats,Pink,0
Cardigan,Leggings,Oxford,"Orange, Yellow",1
Tank top,Skirt,Loafers,"Yellow, Orange, Yellow",1
Shirt,Skirt,Oxford,"Gray, Blue",1
Shirt,Trousers,Sandals,"Red, Green",0
Cardigan,Shorts,Boots,"Orange, Black",0
Cardigan,Shorts,Derby,Black,0
Hoodie,Jeans,Sandals,"Pink, Red, Pink",1
Cardigan,Leggings,Boots,Purple,0
Blouse,Trousers,Heels,"Orange, Pink",0
Tank top,Culottes,Oxford,Green,1
Jacket,Shorts,Heels,"Red, Gray, Orange",0
Polo,Skirt,Heels,"Pink, Yellow, Orange",1
Cardigan,Chinos,Boots,"Purple, Blue, Yellow",0
Sweater,Chinos,Loafers,"White, Yellow",0
Shirt,Trousers,Boots,Red,1
Blouse,Leggings,Moccasins,"Orange, White, Green",1
Vest,Leggings,Flats,Yellow,1
Polo,Sweatpants,Flats,White,1
Jacket,Joggers,Sandals,"Black, Purple, Gray",1
Polo,Shorts,Flats,White,1
Cardigan,Leggings,Boots,Gray,0
Hoodie,Skirt,Brogue,Pink,0
Shirt,Trousers,Oxford,"Green, Gray, Black",1
Shirt,Culottes,Boots,Purple,0
Vest,Sweatpants,Boots,Blue,1
Hoodie,Capris,Derby,"White, Orange",0
Tank top,Jeans,Oxford,"Gray, Purple",1
T-shirt,Culottes,Moccasins,"Yellow, Gray, Green",0
Blouse,Capris,Flats,"Pink, Purple",0
Shirt,Chinos,Oxford,Orange,0
Sweater,Jeans,Flats,"Orange, Purple, Orange",0
Shirt,Shorts,Sandals,Orange,0
Polo,Skirt,Oxford,"Black, Yellow, Gray",1
Shirt,Jeans,Flats,"Red, Red, Green",1
Shirt,Joggers,Moccasins,"Gray, Pink",1
T-shirt,Capris,Sneakers,Purple,0
T-shirt,Shorts,Heels,"Blue, Orange",1
Jacket,Joggers,Heels,Blue,0
Tank top,Chinos,Moccasins,Green,0
Sweater,Joggers,Derby,Gray,0
Shirt,Sweatpants,Sneakers,"Red, Blue",1
Shirt,Sweatpants,Sandals,"Blue, Orange",0
Blouse,Trousers,Moccasins,Yellow,1
T-shirt,Culottes,Heels,"Pink, Pink",1
Sweater,Culottes,Heels,"Blue, Orange",0
Vest,Shorts,Heels,"Black, Pink",0
Jacket,Chinos,Loafers,Gray,1
Tank top,Leggings,Moccasins,Red,1
Hoodie,Sweatpants,Boots,Blue,1
Tank top,Shorts,Sandals,"Pink, Purple, Green",1
Polo,Leggings,Heels,"Gray, Orange, Purple",1
Shirt,Culottes,Flats,"Yellow, Purple, Blue",1
Jacket,Trousers,Moccasins,"White, White, Pink",0
Polo,Joggers,Loafers,"Blue, Orange",1
Sweater,Sweatpants,Moccasins,"Green, Black",1
Hoodie,Shorts,Sandals,Blue,1
T-shirt,Jeans,Loafers,Yellow,1
Jacket,Leggings,Sandals,"Blue, White",0
Jacket,Joggers,Moccasins,Orange,0
Shirt,Sweatpants,Boots,"Green, Red",1
Cardigan,Culottes,Sandals,"White, Red, Green",1
Jacket,Chinos,Loafers,"Pink, Pink",1
Blouse,Leggings,Loafers,Yellow,0
Hoodie,Culottes,Sandals,"Green, Yellow",0
Hoodie,Sweatpants,Brogue,"Yellow, Gray",0
Blouse,Leggings,Moccasins,"Gray, Blue",0
Vest,Joggers,Brogue,"Gray, Pink, Yellow",0
Blouse,Sweatpants,Derby,"Purple, Black, Orange",0
Blouse,Capris,Moccasins,Pink,1
Hoodie,Shorts,Sandals,"Blue, Black, Red",0
Tank top,Joggers,Sneakers,White,0
Hoodie,Leggings,Sandals,Black,1
Cardigan,Chinos,Brogue,Black,0
Shirt,Culottes,Boots,"Red, White, Orange",1
Polo,Jeans,Sandals,"Red, Blue",0
Tank top,Culottes,Sandals,Green,1
T-shirt,Leggings,Boots,Green,1
Polo,Culottes,Sandals,Blue,1
Shirt,Shorts,Heels,Blue,1
Cardigan,Sweatpants,Sneakers,Orange,1
Cardigan,Jeans,Flats,"Green, Green",0
T-shirt,Skirt,Sneakers,"Orange, Purple, Purple",0
Tank top,Leggings,Sandals,Orange,1
Vest,Trousers,Heels,Red,1
Blouse,Skirt,Moccasins,"Blue, Gray",1
Tank top,Culottes,Sandals,Purple,0
Vest,Leggings,Brogue,Green,1
Cardigan,Capris,Heels,Gray,1
Hoodie,Trousers,Boots,"Yellow, Black, Orange",1
Shirt,Jeans,Heels,"Black, White, White",1
T-shirt,Chinos,Boots,"Orange, Gray, Yellow",0
Shirt,Capris,Derby,Green,1
Sweater,Skirt,Flats,"Orange, Green, Blue",1
Sweater,Sweatpants,Oxford,Gray,0
Tank top,Shorts,Heels,Black,1
Cardigan,Chinos,Loafers,"Purple, Green, Orange",1
Cardigan,Capris,Brogue,"Black, Yellow, Red",0
Blouse,Sweatpants,Sandals,"Gray, Gray, Green",0
Blouse,Sweatpants,Brogue,"Gray, Gray",0
Blouse,Leggings,Sneakers,"Green, Black",1
Hoodie,Capris,Oxford,"Purple, Red",1
Polo,Jeans,Sneakers,"Yellow, Gray, Green",0
Jacket,Culottes,Derby,"Yellow, Yellow, Purple",0
Polo,Trousers,Oxford,Purple,0
Shirt,Trousers,Oxford,"Pink, Yellow",1
Polo,Skirt,Sneakers,Orange,1
Hoodie,Skirt,Boots,"White, Pink, Yellow",0
Shirt,Trousers,Sneakers,Green,1
Polo,Jeans,Brogue,"Black, Pink, Green",0
Hoodie,Shorts,Boots,"Black, Green",1
Jacket,Joggers,Brogue,"Purple, Yellow, White",1
Polo,Culottes,Derby,"Blue, Yellow",1
Hoodie,Shorts,Sandals,Black,1
Blouse,Leggings,Moccasins,"Purple, Pink",0
Cardigan,Joggers,Boots,"Gray, Pink, Yellow",1
Blouse,Joggers,Derby,"Yellow, Gray",1
Cardigan,Capris,Loafers,White,0
T-shirt,Jeans,Derby,"Orange, Orange, Blue",1
T-shirt,Jeans,Sneakers,"Purple, Red, Orange",0
T-shirt,Joggers,Sneakers,"Purple, Red",0
Jacket,Capris,Moccasins,"Purple, Yellow, Yellow",1
Blouse,Culottes,Derby,"Red, Red",1
Cardigan,Joggers,Flats,"Purple, Black, Green",0
Hoodie,Chinos,Sandals,Purple,0
Shirt,Skirt,Sneakers,"Gray, Blue, Gray",0
Hoodie,Skirt,Moccasins,"White, Pink, Red",1
Shirt,Shorts,Sandals,"White, Orange, White",0
Sweater,Leggings,Derby,Purple,0
Hoodie,Skirt,Derby,Blue,0
Polo,Sweatpants,Oxford,"Purple, Purple, Pink",1
Polo,Shorts,Moccasins,"Green, Green",0
Tank top,Skirt,Sneakers,Black,1
Blouse,Leggings,Flats,Red,1
Shirt,Jeans,Derby,"White, Red, Red",0
Shirt,Jeans,Flats,"Orange, Green, Green",1
Blouse,Culottes,Derby,"Red, Black",0
Jacket,Joggers,Sneakers,"Green, Black, Gray",1
Tank top,Chinos,Sandals,"Orange, Red",1
Jacket,Jeans,Heels,"Blue, White",0
Jacket,Capris,Sandals,"Black, Pink, Purple",0
Jacket,Skirt,Derby,Red,0
Blouse,Capris,Brogue,"Yellow, Red, Yellow",1
Jacket,Leggings,Heels,"Pink, Gray, Black",1
Polo,Jeans,Heels,"Orange, Purple, Green",0
T-shirt,Chinos,Flats,"Green, White, Blue",0
Sweater,Leggings,Moccasins,"Black, Purple",1
Shirt,Sweatpants,Flats,Gray,1
Shirt,Sweatpants,Flats,"Gray, White, Black",1
Sweater,Capris,Brogue,"White, Black",0
Blouse,Joggers,Sandals,"Blue, Green, Gray",1
Hoodie,Shorts,Sandals,Red,0
Blouse,Joggers,Loafers,"Yellow, Yellow",1
Shirt,Culottes,Derby,"Red, Pink, Red",1
Shirt,Joggers,Brogue,Purple,0
Sweater,Culottes,Loafers,"Yellow, Pink",0
Jacket,Culottes,Sneakers,"Red, Blue, Purple",0
Blouse,Chinos,Derby,"Pink, Yellow, Blue",1
Cardigan,Jeans,Derby,"White, Green",1
Sweater,Chinos,Oxford,Green,1
Polo,Culottes,Oxford,"White, White",0
Shirt,Leggings,Boots,"White, Black",1
Sweater,Sweatpants,Boots,"Gray, Green",0
Blouse,Culottes,Flats,Gray,0
Shirt,Chinos,Sneakers,"Orange, Purple",0
Hoodie,Leggings,Heels,Gray,1
Sweater,Chinos,Heels,"Orange, Red",1
Tank top,Joggers,Oxford,"Pink, Orange",0
Shirt,Skirt,Oxford,Purple,1
Blouse,Capris,Oxford,Blue,0
T-shirt,Shorts,Brogue,"Green, Purple",0
Cardigan,Chinos,Moccasins,Red,1
Vest,Shorts,Boots,"Black, Orange, Blue",0
Jacket,Trousers,Brogue,Black,0
Vest,Chinos,Sandals,"Gray, Orange",1
Blouse,Skirt,Heels,"Pink, Orange",0
Polo,Shorts,Derby,"White, White, Pink",0
Polo,Culottes,Boots,"Purple, Pink, Green",0
T-shirt,Chinos,Loafers,"Green, Black, Blue",0
Jacket,Jeans,Sandals,"Yellow, Blue",0
Tank top,Capris,Boots,"Black, Pink",0
T-shirt,Skirt,Brogue,"Orange, Purple, Red",0
Vest,Shorts,Sneakers,"Purple, Green",1
T-shirt,Skirt,Derby,"Blue, Green, Red",1
Vest,Leggings,Boots,"Orange, Purple, Orange",0
Shirt,Capris,Moccasins,Pink,0
Polo,Culottes,Oxford,"Yellow, Gray, Pink",1
Shirt,Chinos,Oxford,"Purple, Red",1
Cardigan,Chinos,Derby,Green,1
Jacket,Chinos,Brogue,"Red, Purple, Green",1
Tank top,Capris,Oxford,"Red, Orange, Green",1
Vest,Jeans,Boots,Orange,0
Tank top,Trousers,Loafers,"Pink, Red",1
Vest,Sweatpants,Heels,"Blue, Pink",1
Blouse,Joggers,Heels,"Black, Green",1
T-shirt,Shorts,Sandals,"Yellow, Purple, Green",0
Cardigan,Jeans,Flats,Purple,0
Polo,Culottes,Sneakers,"Orange, Black, Gray",0
Vest,Shorts,Derby,Purple,0
Tank top,Chinos,Sandals,Orange,0
Cardigan,Skirt,Flats,"Green, Gray",0
Hoodie,Culottes,Brogue,"Red, Yellow, White",1
Hoodie,Shorts,Moccasins,"Green, Red, Purple",0
Shirt,Chinos,Moccasins,"Yellow, Blue",0
Polo,Shorts,Sneakers,"Blue, Black, Orange",1
Blouse,Skirt,Oxford,Blue,0
Tank top,Chinos,Boots,"White, Orange",1
T-shirt,Trousers,Sandals,"Pink, Black",1
T-shirt,Jeans,Sandals,"Gray, Black, Orange",0
Tank top,Leggings,Derby,"Red, White",1
Jacket,Joggers,Derby,"Gray, Black, Orange",1
Blouse,Capris,Moccasins,Purple,1
Cardigan,Joggers,Moccasins,Pink,1
Vest,Culottes,Loafers,"Purple, White, Red",0
Jacket,Joggers,Loafers,Pink,1
Vest,Chinos,Oxford,Purple,0
Vest,Trousers,Loafers,"Gray, Yellow",1
Jacket,Leggings,Boots,"Orange, Pink",1
Shirt,Jeans,Boots,"Gray, Green",1
Hoodie,Jeans,Sandals,"Yellow, Blue",0
Vest,Skirt,Heels,"Pink, Orange",0
Jacket,Capris,Boots,Green,0
Jacket,Shorts,Flats,"White, Pink",1
Sweater,Trousers,Moccasins,"Red, White, Black",1
Shirt,Shorts,Derby,"Pink, Blue",1
Polo,Leggings,Loafers,Red,1
Sweater,Joggers,Sandals,"Pink, Yellow",0
Sweater,Jeans,Sneakers,Yellow,1
Tank top,Leggings,Derby,Orange,0
Hoodie,Joggers,Flats,Blue,1
Jacket,Jeans,Loafers,"Black, Green, Black",0
Hoodie,Joggers,Flats,"Green, Yellow, Red",0
Blouse,Capris,Moccasins,"Gray, Orange, White",1
Tank top,Trousers,Moccasins,Yellow,1
Polo,Culottes,Oxford,Orange,0
Hoodie,Leggings,Sandals,White,1
T-shirt,Leggings,Derby,"White, Yellow",1
Vest,Sweatpants,Brogue,"Orange, Red",0
Blouse,Chinos,Brogue,"Orange, White",0
Shirt,Capris,Derby,Red,0
Polo,Capris,Sneakers,Purple,0
Blouse,Shorts,Sandals,"Black, Black",1
Vest,Joggers,Flats,"Pink, Purple, Pink",0
Tank top,Chinos,Sneakers,Orange,0
Vest,Trousers,Heels,"Red, White, Black",0
Sweater,Trousers,Derby,"Purple, Pink",1
Vest,Capris,Flats,Yellow,0
Sweater,Trousers,Brogue,"Green, White, Red",1
Tank top,Sweatpants,Boots,"Gray, Yellow, Blue",0
Cardigan,Leggings,Oxford,Pink,0
Sweater,Skirt,Brogue,"Pink, Pink",1
Shirt,Culottes,Sandals,Red,0
Vest,Shorts,Moccasins,"Orange, Black",0
Vest,Joggers,Boots,"Orange, Orange",1
Shirt,Culottes,Oxford,"Black, Green, Blue",0
T-shirt,Joggers,Oxford,Orange,0
Jacket,Jeans,Heels,"White, White, Pink",0
Cardigan,Culottes,Heels,"Black, Pink, Gray",0
Polo,Skirt,Loafers,"Purple, Red, Red",1
Sweater,Capris,Brogue,"Black, Orange, Gray",0
Shirt,Sweatpants,Brogue,"Orange, Red, Blue",1
Tank top,Leggings,Brogue,"Black, Pink",0
Sweater,Leggings,Loafers,Blue,1
Jacket,Sweatpants,Sneakers,Red,0
Tank top,Chinos,Oxford,White,1
Blouse,Jeans,Boots,"Red, White",0
Vest,Joggers,Sandals,Yellow,1
Blouse,Skirt,Oxford,"Red, Black",1
Sweater,Trousers,Heels,"Orange, Red, White",0
Jacket,Culottes,Flats,Red,1
Cardigan,Jeans,Moccasins,Red,0
Sweater,Culottes,Loafers,"Purple, Black, Yellow",0
Shirt,Skirt,Derby,"Orange, Purple, Pink",0
Hoodie,Shorts,Flats,Gray,0
Sweater,Shorts,Sandals,Purple,0
Vest,Jeans,Brogue,"Purple, Black",1
Vest,Capris,Heels,"Pink, Purple, White",0
Sweater,Skirt,Heels,"Black, Black",0
Tank top,Skirt,Heels,"Purple, Black",0
Hoodie,Sweatpants,Brogue,"Yellow, Purple, Gray",0
Shirt,Capris,Derby,"Black, Blue",0
Sweater,Joggers,Loafers,"Pink, Purple",0
Tank top,Joggers,Flats,"Green, Purple, Red",1
Vest,Trousers,Brogue,Blue,1
Vest,Leggings,Sandals,"Pink, Green",0
Jacket,Shorts,Loafers,Orange,1
Sweater,Joggers,Sandals,Black,0
Hoodie,Capris,Loafers,"Black, Pink, Gray",0
T-shirt,Skirt,Derby,"White, Green, Green",0
Hoodie,Joggers,Moccasins,"Orange, Blue, Red",0
Vest,Skirt,Sandals,Blue,0
Vest,Joggers,Brogue,Gray,1
Blouse,Shorts,Loafers,"Purple, Green, Gray",1
Vest,Culottes,Heels,Orange,1
Shirt,Joggers,Oxford,"Yellow, White",1
Polo,Capris,Heels,"Green, Red",0
Sweater,Joggers,Sneakers,"Yellow, Black, White",1
Hoodie,Leggings,Moccasins,Pink,0
Polo,Shorts,Moccasins,Orange,1
Tank top,Capris,Heels,White,1
T-shirt,Sweatpants,Flats,"Black, Yellow, Orange",1
Shirt,Capris,Derby,"Yellow, Yellow",1
Hoodie,Leggings,Sandals,"Orange, Orange",0
Polo,Culottes,Brogue,Pink,1
T-shirt,Shorts,Moccasins,"Purple, Gray, Blue",1
Blouse,Sweatpants,Heels,"Orange, Red",0
Shirt,Leggings,Heels,"Blue, Blue",0
Shirt,Leggings,Derby,"Orange, White, Blue",1
Blouse,Jeans,Derby,"Red, Pink",0
Sweater,Shorts,Boots,Black,0
Blouse,Capris,Boots,"Black, Red",0
Shirt,Skirt,Flats,"Yellow, Orange",1
Shirt,Culottes,Flats,"Green, White",0
Polo,Skirt,Sneakers,"Orange, White",1
Vest,Capris,Flats,Green,1
T-shirt,Capris,Loafers,"White, Pink, Gray",1
Blouse,Shorts,Derby,"Yellow, Green",1
T-shirt,Capris,Brogue,Gray,0
Blouse,Jeans,Loafers,Yellow,1
Tank top,Sweatpants,Sandals,"Pink, Pink, Yellow",0
Shirt,Capris,Heels,"Yellow, Gray, Blue",1
Vest,Skirt,Flats,"Purple, Gray",0
Polo,Capris,Heels,"Gray, Gray",1
Vest,Jeans,Moccasins,"White, Gray, Pink",0
Vest,Joggers,Sneakers,"Blue, Gray",1
Vest,Joggers,Moccasins,"Red, Pink, Pink",1
T-shirt,Leggings,Sneakers,"Green, Orange, Black",0
Blouse,Culottes,Boots,Black,1
Cardigan,Trousers,Heels,"Red, Black, Green",1
Tank top,Sweatpants,Sneakers,"Yellow, Black, Pink",1
Hoodie,Chinos,Oxford,"Yellow, Black, Pink",0
Vest,Leggings,Loafers,"Gray, Blue",1
Sweater,Culottes,Sneakers,Green,1
T-shirt,Joggers,Sneakers,"Orange, Black, Black",0
Polo,Skirt,Loafers,Yellow,0
Hoodie,Chinos,Heels,Orange,0
Cardigan,Culottes,Heels,"Purple, Green, Black",0
Sweater,Culottes,Loafers,"Blue, Orange, Purple",0
Cardigan,Leggings,Moccasins,"White, Gray, Blue",1
Hoodie,Chinos,Oxford,"Yellow, Yellow, Black",1
Vest,Shorts,Brogue,Blue,1
Sweater,Trousers,Sandals,"Red, Orange",0
Cardigan,Shorts,Oxford,"Purple, Blue",1
Polo,Chinos,Heels,"White, Pink, Blue",0
Blouse,Shorts,Brogue,"Yellow, Yellow, White",0
Shirt,Jeans,Boots,Purple,1
Blouse,Joggers,Flats,Pink,0
Hoodie,Jeans,Sneakers,"Pink, Black",0
T-shirt,Capris,Loafers,White,1
Shirt,Shorts,Loafers,Gray,0
Tank top,Capris,Sneakers,"Pink, Blue",0
Polo,Skirt,Flats,"Red, Blue, Green",1
Tank top,Sweatpants,Sandals,"Red, White",0
Sweater,Skirt,Flats,"Gray, Pink, Green",0
Shirt,Chinos,Brogue,"Pink, Black",1
Tank top,Culottes,Flats,"Blue, Yellow",1
Tank top,Joggers,Brogue,Pink,1
Cardigan,Shorts,Flats,"Green, Pink",1
Blouse,Leggings,Sandals,"Gray, Gray",0
Cardigan,Sweatpants,Sandals,"Pink, Green, Gray",0
Shirt,Trousers,Heels,Gray,1
Shirt,Trousers,Sneakers,"Red, Green",0
Hoodie,Trousers,Sandals,"White, Gray, Yellow",0
Cardigan,Shorts,Brogue,"Gray, Purple, Black",1
Jacket,Trousers,Sandals,"Green, Yellow, Orange",1
Blouse,Jeans,Heels,White,0
Shirt,Sweatpants,Loafers,Gray,1
Hoodie,Jeans,Brogue,"Yellow, Green, White",1
Cardigan,Culottes,Heels,White,1
Blouse,Sweatpants,Moccasins,Red,0
Cardigan,Jeans,Moccasins,"Black, Blue",1
Tank top,Sweatpants,Boots,"White, Orange",0
Hoodie,Culottes,Flats,"Green, Blue",0
Blouse,Capris,Sneakers,"Gray, Orange",0
Vest,Shorts,Derby,"Yellow, Green, Black",1
Sweater,Shorts,Oxford,Purple,1
Sweater,Trousers,Heels,"Gray, Gray, Gray",1
Blouse,Skirt,Loafers,"White, Red",1
Cardigan,Trousers,Oxford,Green,1
Hoodie,Chinos,Loafers,Orange,0
Sweater,Jeans,Oxford,"Green, Blue",0
Hoodie,Sweatpants,Heels,"Gray, Gray",0
Sweater,Skirt,Derby,"Pink, Blue, White",1
Tank top,Culottes,Oxford,"Yellow, Pink, Orange",0
Cardigan,Chinos,Heels,"Gray, Black",0
Tank top,Culottes,Sandals,"White, Red",1
Sweater,Shorts,Derby,White,1
Vest,Shorts,Brogue,"Orange, Purple, White",0
Vest,Trousers,Loafers,"Yellow, Gray",0
Tank top,Jeans,Moccasins,"Purple, Pink",1
Vest,Skirt,Flats,Purple,1
Sweater,Joggers,Moccasins,"Black, Gray",1
Blouse,Chinos,Derby,Orange,1
Tank top,Chinos,Brogue,"White, White, Red",0
T-shirt,Trousers,Loafers,Gray,0
Cardigan,Shorts,Brogue,"Yellow, Blue",1
Vest,Trousers,Oxford,Purple,0
Vest,Sweatpants,Loafers,"Pink, Black, White",0
Shirt,Skirt,Oxford,Black,1
Jacket,Jeans,Heels,"White, White",0
Tank top,Capris,Derby,"Purple, Gray, Red",0
Polo,Leggings,Heels,Yellow,0
Vest,Leggings,Boots,"Black, Purple",1
Cardigan,Trousers,Brogue,"Pink, Green",1
T-shirt,Sweatpants,Oxford,"Gray, Purple, Pink",0
Vest,Skirt,Sandals,"Pink, Gray, Yellow",1
T-shirt,Joggers,Heels,"Black, Black",1
Sweater,Leggings,Boots,Pink,1
Sweater,Skirt,Sneakers,"Pink, Pink",0
Jacket,Jeans,Moccasins,"Gray, Purple, Pink",0
Blouse,Culottes,Loafers,"Black, Orange",1
Polo,Sweatpants,Boots,"Red, Yellow, Green",0
Shirt,Shorts,Derby,Purple,0
Jacket,Skirt,Heels,"Yellow, Orange, Green",0
Hoodie,Jeans,Derby,"Pink, Green, Orange",0
Shirt,Joggers,Moccasins,"Red, Green",0
Tank top,Capris,Sandals,Red,1
Cardigan,Shorts,Brogue,"Green, Red",0
Hoodie,Capris,Brogue,Red,0
Hoodie,Joggers,Derby,"Gray, Blue",0
Jacket,Jeans,Oxford,"White, Gray, Gray",1
Blouse,Leggings,Sandals,"Orange, White, Yellow",1
Jacket,Capris,Brogue,Purple,1
Tank top,Shorts,Sandals,White,0
Vest,Trousers,Boots,"Pink, Blue",1
Vest,Chinos,Sandals,"Red, White, Blue",1
Blouse,Skirt,Flats,Blue,1
Tank top,Leggings,Moccasins,Yellow,1
Blouse,Capris,Brogue,"Yellow, White",0
T-shirt,Culottes,Sandals,Gray,1
Vest,Skirt,Derby,"Green, Purple, Green",1
Hoodie,Trousers,Sneakers,"Yellow, White",0
Polo,Joggers,Flats,"Red, Purple",0
Cardigan,Chinos,Flats,Pink,1
Tank top,Jeans,Oxford,"Red, Black, Blue",0
Shirt,Trousers,Sandals,Red,1
Blouse,Trousers,Oxford,Purple,0
Cardigan,Joggers,Oxford,Gray,0
Shirt,Sweatpants,Sneakers,"Red, Gray, Orange",1
Cardigan,Joggers,Boots,"Black, White",0
Polo,Sweatpants,Sandals,"Red, Red, Orange",1
Shirt,Sweatpants,Heels,Yellow,0
Jacket,Leggings,Brogue,Gray,1
Sweater,Leggings,Oxford,"Gray, Pink, Pink",0
Jacket,Shorts,Moccasins,"Pink, Yellow",0
Vest,Capris,Loafers,Black,0
Sweater,Capris,Moccasins,"Gray, Purple",0
Jacket,Jeans,Sneakers,Black,0
Sweater,Capris,Sneakers,"Gray, Red, Yellow",1
Sweater,Leggings,Derby,"Blue, Gray, Black",0
Hoodie,Shorts,Boots,"Red, Pink, Black",1
Blouse,Shorts,Brogue,"Blue, Pink",1
Blouse,Sweatpants,Oxford,"Yellow, Black, Green",1
Hoodie,Joggers,Moccasins,"Orange, Red",0
Cardigan,Jeans,Loafers,"Green, Orange, Green",1
T-shirt,Sweatpants,Sneakers,"Red, Purple",0
Cardigan,Joggers,Sneakers,"Black, Orange, Black",1
Shirt,Capris,Boots,"Gray, Gray",1
Shirt,Sweatpants,Loafers,"Red, Orange, Blue",1
Sweater,Skirt,Loafers,Gray,1
Jacket,Capris,Boots,"Green, Pink",1
Jacket,Joggers,Sneakers,"Purple, Gray, Gray",0
Blouse,Jeans,Brogue,"Purple, Blue, Black",1
Tank top,Joggers,Sandals,"Gray, Pink",1
Cardigan,Sweatpants,Sandals,"Purple, Orange",0
Vest,Sweatpants,Boots,"Black, Black",0
Polo,Trousers,Loafers,Black,0
Jacket,Jeans,Oxford,"Red, Black",1
Polo,Culottes,Boots,Yellow,1
Sweater,Capris,Brogue,"Blue, White",1
Polo,Shorts,Boots,"Blue, Green, White",1
Vest,Jeans,Flats,"White, Red, Pink",1
Hoodie,Shorts,Moccasins,Blue,1
Vest,Jeans,Loafers,"Black, Orange",0
Polo,Jeans,Derby,Purple,0
Vest,Joggers,Derby,Green,1
T-shirt,Jeans,Loafers,"Yellow, Red",1
Sweater,Trousers,Brogue,"Orange, Orange",1
Cardigan,Culottes,Flats,"Green, Purple",1
Hoodie,Sweatpants,Flats,Gray,1
Jacket,Chinos,Sneakers,Orange,0
Shirt,Shorts,Moccasins,Pink,0
Cardigan,Sweatpants,Sandals,White,1
Shirt,Chinos,Heels,"Blue, Yellow, Black",0
Sweater,Culottes,Brogue,"Gray, White",1
Hoodie,Culottes,Heels,"Gray, Blue, Orange",1
Blouse,Shorts,Heels,Green,1
Jacket,Shorts,Loafers,Gray,0
T-shirt,Culottes,Derby,"Yellow, Orange, Yellow",0
Blouse,Chinos,Derby,"Yellow, Gray, Pink",1
Sweater,Jeans,Sandals,Yellow,0
Cardigan,Capris,Loafers,Blue,0
T-shirt,Skirt,Heels,Gray,1
Vest,Sweatpants,Oxford,"White, Orange, Gray",0
Polo,Joggers,Derby,"Pink, Orange, Purple",0
T-shirt,Sweatpants,Brogue,"Orange, Yellow, Gray",1
Sweater,Joggers,Brogue,"Blue, White, Green",1
Tank top,Chinos,Sneakers,Red,0
Polo,Joggers,Boots,"Pink, Gray, Yellow",1
Shirt,Shorts,Oxford,"Red, Red, Purple",0
Jacket,Capris,Derby,"Orange, Pink, Orange",1
Shirt,Capris,Flats,Red,1
T-shirt,Shorts,Derby,"Pink, Black",1
Shirt,Trousers,Sneakers,Gray,1
Sweater,Chinos,Brogue,"Red, Red",0
Vest,Trousers,Heels,"Orange, Red",1
Cardigan,Trousers,Flats,"Red, Pink",1
Jacket,Sweatpants,Loafers,"Gray, Pink, Red",1
Shirt,Culottes,Moccasins,"Yellow, Gray, Black",0
Shirt,Sweatpants,Heels,"Yellow, Pink",0
T-shirt,Culottes,Moccasins,"Red, White",1
Cardigan,Skirt,Oxford,Blue,1
Blouse,Joggers,Boots,"Yellow, Orange",1
Shirt,Culottes,Flats,"Pink, Blue",1
Sweater,Shorts,Sandals,"Green, Red",1
Tank top,Sweatpants,Flats,White,1
Jacket,Chinos,Derby,"Black, Black, Red",0
Shirt,Joggers,Brogue,"Black, Green, Green",1
Sweater,Skirt,Derby,"Orange, Gray, Gray",1
Sweater,Culottes,Derby,Red,1
Jacket,Skirt,Oxford,"Blue, Red, Black",1
Blouse,Chinos,Heels,Pink,1
Sweater,Trousers,Sandals,"Yellow, Green",1
Tank top,Capris,Sandals,"Green, Orange, Blue",0
Sweater,Chinos,Derby,"Black, Pink, Gray",0
Sweater,Leggings,Moccasins,"Purple, White, Blue",0
Sweater,Chinos,Oxford,"Gray, Black, White",0
Vest,Skirt,Derby,"Purple, Black",0
Vest,Shorts,Boots,"Orange, Pink",0
Blouse,Sweatpants,Brogue,"Blue, Yellow",1
Shirt,Shorts,Heels,White,1
Sweater,Skirt,Loafers,"White, Yellow",1
Cardigan,Sweatpants,Boots,"Pink, Gray",1
Shirt,Leggings,Moccasins,"Green, White",1
Blouse,Capris,Flats,"Orange, Blue",1
Hoodie,Joggers,Flats,"Gray, Orange, Purple",0
Shirt,Skirt,Boots,Orange,1
Shirt,Culottes,Derby,"Gray, Black",0
Polo,Skirt,Loafers,"Red, Green",0
T-shirt,Skirt,Sneakers,"Green, Red, Purple",1
Polo,Sweatpants,Sneakers,"Yellow, Pink, Gray",1
Tank top,Jeans,Moccasins,"Black, Pink",1
Vest,Chinos,Derby,Green,1
Vest,Jeans,Sandals,"White, Orange",1
T-shirt,Leggings,Sandals,"Purple, White, Red",1
Jacket,Culottes,Heels,"Red, Purple",1
Jacket,Capris,Loafers,White,0
Blouse,Trousers,Loafers,"Black, Yellow",1
T-shirt,Leggings,Flats,"Green, White, Purple",1
Shirt,Trousers,Oxford,"Gray, Purple",0
Jacket,Trousers,Moccasins,"Orange, Purple",1
Sweater,Capris,Sneakers,"Orange, White",1
Cardigan,Shorts,Moccasins,"Purple, Purple, Black",0
Shirt,Jeans,Sandals,"Orange, Black",1
Tank top,Skirt,Sandals,"Yellow, Yellow, Pink",1
Sweater,Joggers,Boots,White,1
Sweater,Trousers,Heels,"Red, Blue, Purple",1
T-shirt,Culottes,Loafers,"Blue, Pink",1
Blouse,Leggings,Brogue,"Red, Black, Blue",1
Tank top,Shorts,Moccasins,"Yellow, Orange, Pink",0
Jacket,Trousers,Sandals,Orange,1
T-shirt,Shorts,Oxford,Green,1
Jacket,Shorts,Flats,"Pink, Blue, Orange",0
T-shirt,Trousers,Sneakers,"Gray, White, White",0
T-shirt,Sweatpants,Heels,"Gray, Red",1
T-shirt,Chinos,Oxford,"Red, Gray, Green",0
Blouse,Culottes,Heels,Gray,1
T-shirt,Skirt,Boots,Orange,1
Hoodie,Skirt,Brogue,"Yellow, White",0
Cardigan,Culottes,Sandals,"Orange, White",1
Jacket,Sweatpants,Flats,Green,1
Shirt,Skirt,Oxford,Yellow,0
Polo,Shorts,Heels,Black,0
Tank top,Capris,Loafers,"Green, Green, Black",0
Vest,Leggings,Boots,Orange,0
Blouse,Jeans,Loafers,Yellow,1
Shirt,Skirt,Flats,"White, Green, Green",0
Sweater,Culottes,Oxford,Pink,0
Hoodie,Capris,Boots,"Green, Blue, Pink",0
Vest,Trousers,Oxford,"Yellow, Pink",0
Polo,Chinos,Sandals,"Black, White",0
Shirt,Culottes,Derby,"Pink, Green",1
Vest,Shorts,Boots,"Green, Green",0
Shirt,Chinos,Loafers,"Green, Purple, White",1
Hoodie,Leggings,Flats,"Black, Pink, Pink",0
Polo,Leggings,Brogue,"Purple, Green, Purple",0
Sweater,Sweatpants,Sandals,"Blue, Yellow",0
T-shirt,Joggers,Derby,"Yellow, Pink, Orange",0
Jacket,Sweatpants,Brogue,Blue,0
Sweater,Capris,Sneakers,Orange,0
T-shirt,Chinos,Sandals,Orange,0
Blouse,Joggers,Flats,"White, Green, Black",0
Cardigan,Trousers,Heels,"Black, Purple",1
Tank top,Shorts,Boots,Black,0
Tank top,Chinos,Oxford,"Yellow, Blue, Green",1
Jacket,Sweatpants,Flats,"Blue, Blue",0
Polo,Jeans,Boots,White,1
Hoodie,Joggers,Brogue,Gray,0
Polo,Joggers,Oxford,White,0
Hoodie,Shorts,Moccasins,Green,0
Polo,Skirt,Loafers,"Orange, Blue, Red",1
Cardigan,Leggings,Sneakers,Red,1
Blouse,Leggings,Sandals,"Yellow, Orange, White",1
Blouse,Jeans,Flats,"Orange, Gray",1
T-shirt,Capris,Sneakers,"Orange, Gray, Blue",0
Vest,Capris,Heels,"Black, Black, Orange",0
Blouse,Trousers,Boots,"Red, Pink, Blue",0
Blouse,Chinos,Boots,Blue,1
Sweater,Culottes,Flats,"Green, Pink",0
Sweater,Skirt,Derby,Orange,1
T-shirt,Sweatpants,Derby,"Gray, Red",1
Vest,Culottes,Moccasins,Gray,1
Jacket,Culottes,Loafers,Pink,1
Sweater,Joggers,Oxford,"Yellow, Pink",1
Jacket,Jeans,Heels,Pink,0
Shirt,Leggings,Sneakers,Green,1
Sweater,Trousers,Derby,"Purple, Blue",1
Cardigan,Capris,Moccasins,"Purple, Blue",0
Vest,Jeans,Moccasins,Orange,1
T-shirt,Joggers,Flats,Orange,1
Shirt,Sweatpants,Heels,Blue,0
Vest,Trousers,Brogue,"Blue, Red, Black",0
Cardigan,Joggers,Oxford,"Blue, Purple",0
Vest,Leggings,Loafers,"Blue, Yellow",1
Cardigan,Leggings,Sandals,White,0
Cardigan,Leggings,Flats,Orange,0
Jacket,Jeans,Oxford,"Yellow, Blue",0
Polo,Jeans,Sandals,"Blue, Orange",1
Shirt,Capris,Sandals,"Gray, Pink",0
Vest,Capris,Heels,Green,1
Hoodie,Sweatpants,Heels,"Green, Gray",1
Shirt,Trousers,Sneakers,Red,0
Polo,Shorts,Moccasins,Green,1
Shirt,Shorts,Oxford,"Pink, Black",1
Blouse,Joggers,Flats,"Yellow, Green, Yellow",0
Hoodie,Leggings,Boots,"White, Pink, Red",1
Polo,Trousers,Flats,White,0
Jacket,Culottes,Sneakers,"White, Red",1
Vest,Jeans,Loafers,Pink,1
Tank top,Chinos,Moccasins,"Blue, Yellow, Green",0
Polo,Skirt,Boots,"Gray, Red, Yellow",0
T-shirt,Sweatpants,Derby,"Black, Red, Black",1
Vest,Leggings,Loafers,"Pink, White",1
Polo,Leggings,Heels,Green,0
Blouse,Leggings,Sandals,"Yellow, Purple, Pink",1
Tank top,Jeans,Derby,"Purple, Pink, Blue",1
Blouse,Jeans,Flats,Yellow,1
Tank top,Skirt,Flats,"Purple, Gray, White",1
T-shirt,Culottes,Heels,Green,0
Vest,Trousers,Sneakers,"White, Pink, Gray",0
Jacket,Leggings,Oxford,"Pink, Orange, Black",0
Blouse,Shorts,Derby,"Black, Red",0
Blouse,Capris,Derby,"Orange, Yellow, Red",0
Cardigan,Shorts,Brogue,Blue,0
Tank top,Joggers,Loafers,Green,1
Sweater,Shorts,Moccasins,"Gray, Black",0
Vest,Joggers,Loafers,Black,1
Tank top,Chinos,Oxford,"Yellow, Green, Green",1
Cardigan,Capris,Flats,White,1
Shirt,Shorts,Flats,"Pink, Black, Pink",0
Tank top,Chinos,Flats,"Purple, Pink, Green",1
Jacket,Sweatpants,Brogue,"Yellow, Pink, Black",0
Vest,Trousers,Flats,"Orange, Black",1
Cardigan,Chinos,Oxford,"White, Purple",1
Shirt,Trousers,Heels,"White, Black, White",0
Hoodie,Shorts,Moccasins,"Orange, Orange",1
Cardigan,Culottes,Oxford,"Pink, Blue, Black",1
Hoodie,Chinos,Moccasins,"Green, Pink",1
Vest,Capris,Oxford,Orange,1
Blouse,Shorts,Flats,Black,0
Cardigan,Leggings,Heels,"Green, Pink, Gray",1
T-shirt,Jeans,Derby,"White, Green, Purple",1
Hoodie,Chinos,Loafers,"Pink, Black",0
Jacket,Capris,Sandals,Yellow,1
T-shirt,Sweatpants,Heels,"Yellow, Gray",1
Polo,Leggings,Derby,Purple,1
Polo,Sweatpants,Sneakers,Pink,1
Shirt,Shorts,Oxford,"Purple, Green",0
Blouse,Jeans,Sneakers,"Green, Red",1
Vest,Chinos,Derby,"Orange, Pink, Purple",0
Cardigan,Chinos,Heels,"White, Blue, Purple",1
Sweater,Culottes,Oxford,"Purple, Pink",1
Jacket,Culottes,Sandals,Black,1
Hoodie,Shorts,Flats,Green,0
Vest,Shorts,Oxford,"Black, Red",1
T-shirt,Jeans,Oxford,"Green, Gray, Purple",1
Polo,Culottes,Heels,"Pink, Orange, Yellow",0
Jacket,Capris,Heels,"Green, Orange",0
Sweater,Capris,Derby,"White, Purple",0
Cardigan,Jeans,Boots,"White, Pink",0
Shirt,Capris,Oxford,Blue,1
Sweater,Joggers,Loafers,Purple,1
Jacket,Trousers,Oxford,"Orange, Purple",1
Sweater,Jeans,Derby,"Blue, Pink, Green",1
Jacket,Jeans,Moccasins,Red,0
Jacket,Skirt,Sneakers,Blue,1
Tank top,Leggings,Flats,Green,1
Hoodie,Leggings,Boots,"Pink, Orange, Green",1
Polo,Joggers,Sandals,White,1
Tank top,Culottes,Sandals,"Blue, Purple",0
Cardigan,Shorts,Sandals,Black,1
Tank top,Shorts,Heels,Gray,1
Blouse,Sweatpants,Sandals,"Green, Blue, Green",1
Blouse,Joggers,Flats,"Purple, Blue, Black",0
Polo,Jeans,Sneakers,"Green, Yellow, Red",0
Sweater,Joggers,Sandals,"Orange, White, Purple",1
Hoodie,Joggers,Oxford,"Pink, Blue",1
Polo,Joggers,Oxford,"Green, Blue",1
Jacket,Leggings,Heels,"Yellow, White",0
T-shirt,Joggers,Flats,Red,1
Hoodie,Trousers,Sneakers,"Orange, Orange, White",1
Hoodie,Shorts,Boots,"Pink, Pink",1
Jacket,Sweatpants,Derby,"Black, Yellow",0
Jacket,Trousers,Sneakers,"Yellow, Purple",1
Shirt,Sweatpants,Derby,"Red, Orange",1
Polo,Skirt,Moccasins,Pink,0
Jacket,Sweatpants,Derby,"White, Purple",0
Blouse,Shorts,Loafers,"Yellow, White",1
Cardigan,Shorts,Oxford,Red,0
T-shirt,Joggers,Flats,"Yellow, Blue, Green",1
Polo,Chinos,Brogue,"Yellow, Pink, Blue",0
Vest,Skirt,Heels,"White, Blue, Pink",0
Blouse,Jeans,Loafers,Orange,1
Sweater,Capris,Derby,Orange,1
Jacket,Sweatpants,Sandals,"Green, Blue, Green",1
Vest,Chinos,Flats,Blue,0
Jacket,Joggers,Loafers,Gray,1
Hoodie,Leggings,Heels,"Blue, Pink",1
Blouse,Jeans,Oxford,"Purple, White",1
Hoodie,Culottes,Flats,Yellow,1
Shirt,Chinos,Heels,"White, Black, White",1
Hoodie,Leggings,Moccasins,Purple,0
Shirt,Skirt,Moccasins,"Pink, Yellow",1
Shirt,Joggers,Heels,"Yellow, Orange, Yellow",1
Vest,Jeans,Loafers,"Orange, White, Orange",0
Jacket,Jeans,Flats,"White, Black, Black",1
Sweater,Jeans,Loafers,"Black, Pink",1
Hoodie,Skirt,Boots,"Pink, Black, Black",1
Blouse,Sweatpants,Derby,"Orange, Green, Green",1
Shirt,Culottes,Boots,"Yellow, Black, Gray",1
Jacket,Skirt,Moccasins,"Black, Purple, Yellow",0
T-shirt,Capris,Oxford,White,0
Polo,Culottes,Sneakers,"White, Pink, Blue",0
Vest,Shorts,Derby,Pink,1
Sweater,Joggers,Moccasins,Yellow,0
Tank top,Skirt,Loafers,Orange,1
Vest,Leggings,Loafers,"Gray, Gray, Red",1
T-shirt,Culottes,Loafers,Blue,1
Polo,Capris,Oxford,Red,0
T-shirt,Shorts,Boots,"Purple, Green",0
Hoodie,Sweatpants,Sneakers,White,0
Shirt,Leggings,Loafers,"Pink, Yellow, Purple",1
Sweater,Culottes,Brogue,"Blue, Purple",0
Cardigan,Joggers,Derby,"Gray, Purple, Gray",1
Shirt,Leggings,Flats,Green,0
Cardigan,Shorts,Brogue,"Purple, Blue",0
Polo,Leggings,Sneakers,"Orange, Gray, Pink",1
Jacket,Trousers,Oxford,"Yellow, Purple, Green",1
Tank top,Chinos,Sneakers,"Blue, Blue",0
Blouse,Sweatpants,Flats,"Orange, White",0
Shirt,Shorts,Derby,Blue,0
Sweater,Leggings,Flats,"Blue, Purple, White",1
T-shirt,Chinos,Heels,"Black, Black, White",1
Sweater,Chinos,Derby,Orange,0
Polo,Leggings,Sneakers,"Pink, Gray",0
Cardigan,Joggers,Loafers,Red,1
T-shirt,Trousers,Sneakers,"White, Pink, White",0
Blouse,Skirt,Sneakers,"Black, Blue",1
Blouse,Trousers,Derby,"Red, Black, Green",1
Shirt,Leggings,Heels,Red,1
Polo,Sweatpants,Sneakers,Orange,1
Jacket,Skirt,Brogue,"Blue, Black, Gray",1
Polo,Shorts,Moccasins,"White, Pink",1
Cardigan,Trousers,Sandals,"Black, Gray",0
Sweater,Leggings,Sandals,"White, Pink, Yellow",1
Blouse,Trousers,Sneakers,"Gray, Yellow",1
Sweater,Skirt,Brogue,Purple,0
Sweater,Capris,Loafers,Pink,1
Sweater,Culottes,Oxford,"Black, White, White",0
Blouse,Trousers,Oxford,"Blue, White",1
Vest,Shorts,Derby,"Red, Yellow, Purple",0
Hoodie,Shorts,Sandals,"White, Blue, Gray",0
Cardigan,Jeans,Sneakers,"Gray, Black, Orange",1
Vest,Trousers,Oxford,"Blue, Green, Pink",1
Cardigan,Culottes,Sneakers,"Purple, Yellow, Purple",1
T-shirt,Joggers,Derby,"Yellow, Orange, Gray",1
Polo,Chinos,Sandals,Red,0
Polo,Culottes,Flats,"Green, Yellow, Pink",0
Tank top,Chinos,Moccasins,Red,0
Polo,Chinos,Moccasins,Blue,1
Blouse,Capris,Oxford,Orange,0
Jacket,Jeans,Moccasins,"Purple, Pink",1
Shirt,Culottes,Flats,"Purple, Pink, Pink",1
Tank top,Culottes,Sneakers,Blue,0
Shirt,Capris,Derby,"White, Yellow, Black",1
Cardigan,Trousers,Flats,Gray,0
Shirt,Trousers,Derby,"Blue, Red, Green",1
Shirt,Trousers,Derby,Gray,0
Tank top,Sweatpants,Sandals,Black,1
T-shirt,Chinos,Sneakers,"Red, Green",0
Sweater,Sweatpants,Brogue,Red,0
Polo,Jeans,Moccasins,"Blue, Purple",1
Polo,Capris,Brogue,"Black, White",1
Blouse,Culottes,Sandals,"Purple, Pink, Black",0
Tank top,Chinos,Derby,Red,1
Blouse,Sweatpants,Oxford,"Black, Red",1
Jacket,Sweatpants,Moccasins,"Gray, White",1
Jacket,Leggings,Moccasins,"Blue, Purple",0
Blouse,Sweatpants,Sneakers,Pink,0
Tank top,Joggers,Heels,Orange,1
Blouse,Culottes,Boots,"Purple, White",1
Polo,Joggers,Boots,"Orange, Orange, Purple",0
Vest,Culottes,Boots,"Gray, Green",1
Hoodie,Capris,Heels,Purple,0
Shirt,Culottes,Sneakers,"Green, Gray, Purple",1
Hoodie,Joggers,Heels,Purple,1
Tank top,Culottes,Boots,"Green, Red",1
Hoodie,Capris,Sandals,"Black, Purple, Green",0
Jacket,Capris,Flats,White,0
Cardigan,Jeans,Derby,Green,0
Shirt,Culottes,Heels,"Blue, Blue, Green",0
Sweater,Leggings,Sneakers,"Orange, Purple",1
Tank top,Trousers,Sneakers,"Purple, Yellow, Black",1
Shirt,Shorts,Brogue,Orange,0
Hoodie,Capris,Flats,Green,1
Jacket,Skirt,Oxford,Yellow,1
T-shirt,Trousers,Moccasins,"Gray, Purple",0
Vest,Chinos,Boots,"Blue, Pink, Gray",1
Sweater,Culottes,Oxford,"White, Gray, White",1
Vest,Joggers,Brogue,White,0
Shirt,Shorts,Boots,Orange,1
Jacket,Skirt,Flats,"Yellow, White, Purple",1
Jacket,Trousers,Brogue,"Blue, Green, White",1
Hoodie,Culottes,Boots,Blue,0
Polo,Jeans,Flats,Orange,0
Hoodie,Chinos,Loafers,"Orange, White, Pink",1
Polo,Shorts,Oxford,"Orange, Black, Blue",1
Polo,Leggings,Oxford,"Pink, Green, Yellow",1
Sweater,Jeans,Moccasins,"Pink, Black, Gray",0
Hoodie,Skirt,Flats,Green,0
T-shirt,Shorts,Heels,"Purple, White, Black",0
Blouse,Jeans,Loafers,"Red, Black, Pink",1
Blouse,Chinos,Sandals,"Black, Red, Purple",1
Hoodie,Leggings,Boots,"Pink, Gray, Black",1
Hoodie,Jeans,Loafers,"Green, Black",1
Vest,Sweatpants,Flats,"Red, White",1
Sweater,Leggings,Derby,"Orange, Blue, Green",0
Hoodie,Skirt,Boots,Pink,1
Vest,Chinos,Sneakers,"White, Pink",1
Polo,Culottes,Oxford,Purple,1
Jacket,Joggers,Flats,"Red, Gray, Orange",0
Jacket,Joggers,Sneakers,"Black, Blue, Black",1
Polo,Joggers,Moccasins,"Pink, Black, Orange",0
Tank top,Shorts,Brogue,Pink,0
Vest,Skirt,Sandals,"Gray, Black, Green",0
Vest,Chinos,Sandals,"White, Purple",0
Polo,Leggings,Sneakers,Red,0
T-shirt,Shorts,Oxford,Gray,1
Cardigan,Skirt,Moccasins,"Green, Black",1
